{
  "id": "e5078c2c-8629-4120-a010-72753509264f",
  "name": "vrushit_s_application3_environment",
  "values": [
    {
      "key": "token",
      "value": "eyJhbGciOiJIUzI1NiIsInR5cCI6IkpXVCJ9.eyJpZCI6IjYxMWRlZDVjMGFjMjAxMmFjMDI4ODkxZiIsInVzZXJuYW1lIjoiYWRtaW4iLCJpYXQiOjE2MjkzNTEyNzAsImV4cCI6MTYyOTk1MTI3MH0.BJ-WKjNYeFDQ4pn8kfli5gwn6GLz_c3voFht20Agj9k",
      "enabled": true
    },
    {
      "key": "url",
      "value": "http://localhost:5000",
      "enabled": true
    }
  ],
  "_postman_variable_scope": "environment",
  "_postman_exported_at": "2023-07-13T10:04:27.047Z",
  "_postman_exported_using": "Postman"
}